Type,Name,Date Added,Modified History,Description,,,Keywords Tvesha Desai's Additions ,Sources,Deletations ,Jermin deletions ,Hirans deletions,Jessica Deletions,Jessica Additions,Jessica-Source
Theme,ACT_FORCEPOSTURE,01/10/14,01/10/14,Actions relating to changes in force posture,,,"Criminal Justice, Representative Democracy, global defense posture, Department of Defense, Department's Global Defense Posture (GDP), Anticipated host nation contributions",https://www.gao.gov/products/gao-09-706r,,None,"above the law, federal government, Tort law",None,,
Theme,ACT_HARMTHREATEN,01/10/14,01/10/14,Actions relating to harming or threatening,,,"
legal actions, Intimidation, Stalking ",https://www.legalmatch.com/law-library/article/verbal-threats-as-assault.html,,None,"Exploit, disciplinary, adverse actions",None,,
Theme,ACT_MAKESTATEMENT,01/10/14,01/10/14,Actions relating to making a statement,,,"Defamation, False Statements, law and morality, Prosecution, Influencing action, false claim statutes",https://www.justice.gov/archives/jm/criminal-resource-manual-814-false-statements-18-usc-1014,,None,knowingly false,"law and morality, Prosecution",,
Theme,ACT_YIELD,01/10/14,01/10/14,Actions relating to yielding,,,"Emergency vehicles, Railway crossings, Steep fines, Driving record impact, Location of impact, Crosswalk ",https://attorneyguss.com/yielding-and-right-of-way/,None,None,Insurance Increases,None,,
Count,AFFECT,13/10/13,13/10/13,"This broad category captures everything from being sickened to refugees, evacuations, displaced persons, stranded, etc",,,"Humantarian Evacuations, Strategy for Communities at Risk,Safe Passage, humanely treatment",https://www.refworld.org/pdfid/57fe09284.pdf,,,"Ethical, Political and Logistical Implications, Persons Of Concern",None,,
Theme,AGRICULTURE,13/10/13,13/10/13,General discussion of agriculture,,,"sustainable agriculture,commercial farming,agricultural economics,climate smart agriculture,agricultural water management,natural farming,organic farming",https://www.worldbank.org/en/topic/agriculture/overview,,None,"Boost shared prosperity,Mitigation",None,,
Theme,ALLIANCE,18/05/14,18/05/14,Self-identified discussion of alliances and coalitions,,,"NGO collaboration, strengthen political voice and power, Building Consensus, Multivoting

",https://justassociates.org/wp-content/uploads/2007/08/new_weave_en_ch17.pdf,,improve communication,"Decisionmaking table,improve communication, respond to a local crisis, Expectation of unity",None,,
Theme,APPOINTMENT,13/10/13,13/10/13,An appointment of someone to something,,, assign authority to a position or an office,,"An appointment of someone to something, ",to designate,select,None,,
Theme,ARMEDCONFLICT,13/10/13,13/10/13,"Primary discussion of armed conflict, from ground assaults to air raids",,,Warfare prohibited,https://www.icrc.org/en/doc/assets/files/other/law3_final.pdf,,None,"Conduct of operations, Directed at a specific military objective, Reprisals",None,,
Count,ARREST,13/10/13,13/10/13,"Discussion of someone being arrested, detained, jailed, imprisoned, etc",,,"Imprisonment and poverty, social cohesion, non-custodial sanctions, deprivation,.socio-economic exclusion,social transformation in families",https://www.unodc.org/unodc/en/justice-and-prison-reform/prison-reform-and-alternatives-to-imprisonment.html,,None,None,None,,
Theme,ASSASSINATION,13/10/13,13/10/13,Actual discussion of assassination,,,"Political Violence, Civil War,Political Turmoil,Government Investigations,Conspirancy,Purported assassin",https://www.justice.gov/crt/overview-investigation-allegations-regarding-assassination-dr-martin-luther-king-jr,,Instibality,Instibality,None,,
Theme,AUSTERITY,20/02/14,20/02/14,Mention of austerity,,,"Austerity policy,navigating austerity,conservative austerity, Decrease in government spending,

",https://www.americanprogress.org/article/what-have-we-learned-about-austerity-since-the-great-recession/,,None,"public sector debt,Increase in taxes",None,,
Theme,AVIATION_INCIDENT,20/02/14,20/02/14,"Plane/helicopter crashes, collisions, accidents.",,,"Riskier Flights, Risk of Poor Weather, Mid-air collision",https://www.baileyjavinscarter.com/helicopter-crashes-why-helicopters-are-so-dangerous/,,,"Difficult to Fly, More Frequent Takeoffs and Landings, Complicated Machinery",None,,
Theme,BAN,13/10/13,13/10/13,"Something being banned, prohibited, outlawed, criminalized, etc",,,Customs Border and Protection,https://www.cbp.gov/travel/us-citizens/know-before-you-go/prohibited-and-restricted-items,,illegal,"illegal, cryptocurrency",None,,
Theme,BLACK_MARKET,13/10/13,13/10/13,"Actual mentions of ""black market"", not related terms",,,"Black market fashion,Gambling at unregulated casinos,Wildlife Trade,Mining,Fishing,Logging,Drugs,Firearms and Explosives,Online Trading
",https://www.theverge.com/2013/4/29/4281656/silk-road-black-market-reloaded-tor-marketplaces,,,", Cryptocurrency","Mining,Fishing,Logging",,
Theme,BLOCKADE,13/10/13,13/10/13,Mentions of blockades and no fly zones - use in combination with the military themes to distinguish armed vs non-kinetic blockades,,,Airpower and the Range of Military Operations,https://www.doctrine.af.mil/Portals/61/documents/AFDP_3-0/3-0-AFDP-OPERATIONS-PLANNING.pdf,,None,"Desired Future Conditions,Multinational Power",None,,
Theme,BORDER,13/10/13,13/10/13,Any discussion of borders,,,"Margin,Sociopolitical,Economic developments,National borders,regional economic recessions,economic shift,racialization,deterritorialization, ",https://www.icrc.org/en/event/humanizing-borders,Any discussions of Borders ,,,Economic developments,,
Theme,BULLYING,20/12/13,20/12/13,"Explicit mention of the word ""bullying/cyberbullying""",,,"Intimidation, threats, physical contact,physical violence",https://www.stopbullying.gov/resources/laws/federal,,None,"race, color, national origin, sex, disability, religion",None,,
Theme,CEASEFIRE,13/10/13,13/10/13,"Mentions of ceasefires, truces, peace deals, suspension of hostilities, etc",,,"Disengagement and redeployment of forces to designated areas, withdrawal of forces to designated areas, Humanitarian Provisions",https://casebook.icrc.org/glossary/ceasefire,,Specification of the forces to which the ceasefire applies,"A mechanism for monitoring and verification, list of prohibited and regulated activities, Specification of the forces to which the ceasefire applies,",None,,
Theme,CHARASMATIC_LEADERSHIP,06/05/14,06/05/14,Charasmatic leadership,,,"
Strong Communicator, Confident,Motivational,Engaging,Optimistic,Persuasion,Leadership",https://torch.io/blog/what-is-charismatic-leadership/,,Management,"Service of a common goal, influence,spirit of collaboration, rational,unconventional behavior,Management",None,,
Theme,CHECKPOINT,13/10/13,13/10/13,Security checkpoints,,,"Transportation Check,Liquids Rule, Electrical Gadgets,Explosives,Secure Flight,Suspicious Activity ",https://www.tsa.gov/travel/security-screening,,None,None,None,,
Theme,CLAIM_CREDIT,13/10/13,13/10/13,"Claims of responsibility or credit, for good (claimed credit for the success) and bad (claimed credit for the bombing)",,,"Gross Negligence,Willful Misconduct,officials,agents,servants,employees, patented inventions,devices,products liability ",https://www.irs.gov/publications/p17,,None,"Tax laws enacted by Congress,Treasury regulations and Court decisions.","servants,employees",,
Theme,CLOSURE,13/10/13,13/10/13,"Discussion of closure other than road, bridge, street, closure (ie, facility closure, military base closure, etc)",,,Road Traffic ,https://www1.nyc.gov/html/dot/html/motorist/weektraf.shtml,,Expect delays,"Infrastructure, Construction",None,,
Theme,CONFISCATION,13/10/13,13/10/13,Actual mention of confiscation in the text,,,"Convicted,Defendant,forfeiture order,restraint order,criminal proceedings,",https://www.senate.gov/artandhistory/history/common/generic/ConfiscationActs.htm,,None,Seized,None,,
Theme,CONSTITUTIONAL,13/10/13,13/10/13,Discussion of constitutionalism,,,"Antifederalists,Strict Constructionism,Constitutional powers,Political Constitution",https://www.archives.gov/founding-docs/constitution-transcript,,None,"Enumerated Powers,",None,,
Theme,CORRUPTION,13/10/13,13/10/13,"Corruption, kickbacks, embezzling, profiteering, etc",,,"Soliciting unlawful compensation,Misuse of confidential information,Unlawful solicitation, Unlawful acceptance of compensation,Disclosure of information,Bribing,Deceit,Improper disclosure of bid or proposal,Misuse of public records ",https://www.ncsl.org/research/ethics/50-state-chart-criminal-penalties-for-public-corr.aspx,,None,None,None,,
Theme,CRIME_CARTELS,13/10/13,13/10/13,"Primarily focused around mentions of drug cartels, drug corridors, etc. Does not currently have a list of cartels, just captures general discussion of them",,,"Street Gangs, Prison Gangs,Motorcycle Gangs",https://www.whitehouse.gov/wp-content/uploads/2022/04/National-Drug-Control-2022Strategy.pdf,,None,None,None,,
Theme,CRIME_COMMON_ROBBERY,13/10/13,13/10/13,"Discussion of general crime like pickpocketing, robbery, street criminals, etc",,,,,Repeated,NP,,None,,
Theme,CRIME_ILLEGAL_DRUGS,13/10/13,13/10/13,Mentions of illegal drugs,,,,,Repeated,NP,,None,,
Theme,CURFEW,13/10/13,13/10/13,Discussion of any curfew,,,"Probation Curfew,Central Supervision,Perceptual Detterence,Crime Control
",https://www.ojp.gov/pdffiles1/nij/grants/210684.pdf,,None,"Sanction, Implementation",None,,
Theme,CYBER_ATTACK,13/10/13,13/10/13,"Any discussion of cyberwarfare, cyberattacks, phishing, hacking, hacktivists, viruses, etc",,,"Organized criminals,criminal groups,Professional hackers,State-sponsored actors
Amateur hackers,Hacktivists,IT services To accept financial payments",https://www.ibm.com/topics/cyber-attack,,None,None,None,,
Theme,DEATH_PENALTY,13/10/13,13/10/13,From general discussion of capital punishment to actual mentions of death sentences,,,"Death Penalty,Detterence,Lethal Injection, Death Sentence",https://www.law.cornell.edu/wex/death_penalty,,None,None,None,,
Theme,DEFECTION,13/10/13,13/10/13,Any discussion of defection or defectors,,,,,Not Valid,NP,,None,,
Theme,DELAY,13/10/13,13/10/13,"Canceling, postponing, stalling delaying anything",,,,,,NP,,None,,
Theme,DEMOCRACY,13/10/13,13/10/13,"Actual mention of the term ""democracy""",,,"Representative Democracy.Parliamentary government,Constitutional Democracy,Epistocracy,Parliamentary System",https://www.coe.int/en/web/compass/democracy,,"Equality, Autonomy","Equality, Autonomy",None,,
Theme,DISABILITY,20/02/14,20/02/14,"Disability, disabled, handicapped.",,,"Visually Impaired,Cognitive Disability,Mentally Disabled,Emotional Disturbance,Physical impairment ",https://www.doe.mass.edu/sped/links/pi.html,,None,None,None,,
Theme,DISCRIMINATION,13/10/13,13/10/13,"Racism, homophobia, xenophobia, etc",,,"Intolerence, Racism",https://www.inclusion.gob.es/oberaxe/en/publicaciones/documentos/documento_0013.htm,,"Political Affiliation, Constructed Vulnerability",,Intolerence,,
Count,DISPLACED,25/10/13,25/10/13,"This category counts mentions of people being displaced - see REFUGEES for counts of refugees, forced migration, and related",,,,,Not Valid ,NP,,None,,
Theme,DRONE,20/02/14,20/02/14,"Drones, UAVs.",,,"Drone camera,Hobby Aircraft,Remotely Controlled Aircraft,Autonomous Flight Capabilities",https://botlink.com/blog/whats-the-difference-between-a-drone-uav-and-uas,,None,Autonomously Vehicles,None,,
Theme,DRUG_TRADE,13/10/13,13/10/13,General discussion of the drug trade in broad terms - broader than the other categories,,,"Drug Trafficking,illegal drug trade,Dark Web drug Trade",https://www.unodc.org/unodc/en/drug-trafficking/index.html,,Sale of Substances,"Drug and Business, Distribution,",None,,
Theme,ECON_BANKRUPTCY,13/10/13,13/10/13,Bankruptcy and bailouts,,,"Unsecured creditors,Company Bankruptcies,Corporate Bailouts,Liquidity Crisis",https://corpgov.law.harvard.edu/2009/04/03/bankruptcy-v-bailouts/,,Financial distress ,,None,,
Theme,ECON_BOYCOTT,01/10/14,01/10/14,Boycotts,,,"Human rights,economic pressure,anti-war movement,institutions,political opponents,serious violations,Indigenous rights",https://2001-2009.state.gov/r/pa/ho/time/qfp/104481.htm,,"Protests,Social Action,Civil rights,Politics,Financial constraints  ","Protests,Social Action,Civil rights,Politics,Financial constraints",None,,
Theme,ECON_COST_OF_LIVING,13/10/13,13/10/13,"Explicit mention of ""cost of living"", ""median wage"", etc",,,"Inflation,Median income,Collective bargaining,Labour Status ",https://www.ilo.org/wcmsp5/groups/public/---asia/---ro-bangkok/---sro-new_delhi/documents/publication/wcms_597270.pdf,,None,None,None,,
Theme,ECON_CURRENCY_EXCHANGE_RATE,13/10/13,13/10/13,"Exchange rates, foreign exchange, forex, currency fluctuation, etc",,,"         
Exchange Rates Fluctuations,Overseas equities,foreign travel, import payments,overseas remittances",https://www.investopedia.com/articles/forex/080613/effects-currency-fluctuations-economy.asp,,None,None,"foreign travel,",,
Theme,ECON_CURRENCY_RESERVES,13/10/13,13/10/13,"Currency reserves, forex reserves, dollar and euro reserves, etc",,,"Exchange Rates Fluctuations,Overseas equities,foreign travel, import payments,overseas remittances",https://www.investopedia.com/articles/forex/080613/effects-currency-fluctuations-economy.asp,,None,None,foreign travel,,
Theme,ECON_CUTOUTLOOK,01/10/14,01/10/14,Cutting economic outlook,,,"Inflation,Recession",https://www.forbes.com/sites/jonathanponciano/2022/10/11/worst-is-yet-to-come-imf-cuts-economic-outlook-and-warns-global-inflation-still-hasnt-peaked/?sh=577651fa2b05,,Global growth,None,None,,
Theme,ECON_DEBT,26/04/14,26/04/14,Discussion of debt,,,,file:///Users/tweshadesai/Downloads/conf10e.pdf,,None,"Investor,Trader,Transaction Cost, Economic stabilization,Financing Activities",None,,
Theme,ECON_DEREGULATION,13/10/13,13/10/13,Economic deregulation,,,Corporate Restrictions,https://corporatefinanceinstitute.com/resources/knowledge/other/deregulation/,,Transparency,Monopolies,None,,
Theme,ECON_EARNINGSREPORT,13/10/13,13/10/13,"Earnings reports, etc",,,"Company's Profitability,Forecasting Models",https://www.investopedia.com/terms/e/earnings-announcement.asp,,None,Quarterly,None,,
Theme,ECON_ENTREPRENEURSHIP,13/10/13,13/10/13,"Entrepreneurship, venture capital, seed funding, angel investors, etc",,,Profitable Margins,https://corporatefinanceinstitute.com/resources/equities/private-equity-vs-venture-capital-vs-angel-seed/,,None,"Investors, Stable Cash flow",None,,
Theme,ECON_FOREIGNINVEST,01/10/14,01/10/14,Foreign investment,,,"Global Financial Crisis, Policy Recommendations,Domestic Investment",https://www.imf.org/external/pubs/ft/fandd/2001/06/loungani.htm,,None,"Financial transactions, Investment",None,,
Theme,ECON_FREETRADE,01/10/14,01/10/14,Free trade,,,,,Not Valid ,NP,,None,,
Theme,ECON_HOUSING_PRICES,13/10/13,13/10/13,"Housing prices, real estate, and other explicit discussion of property",,,"Realtor,Commercial real estate,Estate Agency, Property Management, Buyer's Agent, Fair Housing ",https://www.nar.realtor/fair-housing,,None,Insurance,None,,
Theme,ECON_INFORMAL_ECONOMY,03/05/14,03/05/14,Informal economies,,,"Progressive Formalization, Non-Governmental Organizations,Grey Economy",https://www.ilo.org/global/topics/employment-promotion/informal-economy/lang--en/index.htm,,None,"Strategies, Policies, Informal trade",None,,
Theme,ECON_INTEREST_RATES,13/10/13,13/10/13,"Interest rates, benchmark rates, overnight rates, libor, etc",,,"Money Supply,Bank Interest Rates,Best Mortagage Rates, Federal Funds Rate,Refinance Rates,Fixed Rate, Inflation Rate",https://treasurydirect.gov/savings-bonds/i-bonds/i-bonds-interest-rates/,,None,Financial market,None,,
Theme,ECON_IPO,13/10/13,13/10/13,Initial Public Offerings,,,"Private Corporation,Indivudal Investors",https://www.sec.gov/files/ipo-investorbulletin.pdf,,Compensation,"Individual investors, Shareholders, Compensation, ",None,,
Theme,ECON_MONOPOLY,13/10/13,13/10/13,"Monopolies, anticompetitive practice, etc",,,"Unfair Business,Unfair methods of Competition, Restraint of trade",https://www.ftc.gov/enforcement/anticompetitive-practices,,None,Unreasonable methods,None,,
Theme,ECON_MOU,01/10/14,01/10/14,Relating to a Memorandum of Understanding,,,"Employment Contracts,Term Sheets,Business Partnership, Mutual Understanding  ",https://www.investopedia.com/terms/m/mou.asp,,None,"Agreement,  Legal forms",None,,
Theme,ECON_NATIONALIZE,13/10/13,13/10/13,"Discussion of nationalization of industry, etc",,,Government Seizing,,,Business ,Ownership,None,,
Theme,ECON_PRICECONTROL,01/10/14,01/10/14,Price controls,,,,https://www.econlib.org/library/Enc/PriceControls.html,,"Mechanism, Rationing","Mechanism,Government Enforcement,Inflationary Monetary,Rationing",None,"price floor, price ceiling, affordability , free market, market disruption",https://www.investopedia.com/terms/p/price-controls.asp
Theme,ECON_REMITTANCE,04/05/14,04/05/14,Remittance,,,,https://www.migrationdataportal.org/themes/remittances,,Transfer,"Money,Goods,Migrants,Families,Transfer, friends,Origin,Countries",None,"money transfer, foreign worker transfer",https://www.investopedia.com/terms/r/remittance.asp
Theme,ECON_STOCKMARKET,13/10/13,13/10/13,"Any discussion of a stockmarket, NYSE, FTSE, etc, also discussion of government bonds, etc",,,,,Repeated,NP,,None,,
Theme,ECON_SUBSIDIES,13/10/13,13/10/13,Economic subsidies,,,Trade Subsidies,https://www.economicshelp.org/blog/915/economics/effect-of-government-subsidies/,,Lower Price,"Unemployment ,Recission, Lower Price, Higher Quantities",None,,
Theme,ECON_TAXATION,05/05/14,05/05/14,Taxation,,,"Tax Preparation,Tax Planning, Labour Income ",https://www.britannica.com/topic/taxation,,Insurance,"Insurance,Financial Planning,Revenue, Government expenditures",None,,
Theme,ECON_TRADE_DISPUTE,13/10/13,13/10/13,"Trade disputes, antidumping, etc",,,"Unfair Business,Unfair methods of Competition",https://www.ftc.gov/enforcement/anticompetitive-practices,,None,"Unreasonable methods, Restraints of trade",None,,
Theme,ECON_UNIONS,13/10/13,13/10/13,"Discussion of unions, unionization, shop stewards, etc",,,"Corporate Sustainabiblity Due Diligence Directive, Neighbourhood and Enlargement Neighborhoods, ",https://policy.trade.ec.europa.eu/development-and-sustainability/sustainable-development_en?wt-search=yes,,None,,None,,
Theme,EDUCATION,13/10/13,13/10/13,"Teachers, schools, madrassas, yeshivas, professors, education in general",,,"ESD (Education for Sustainability Development), UN Transforming Education Summit, Thematic Action Track, Millenium Development Goals Agenda, Global Action Programme on Education for Sustainable Development",https://www.unesco.org/en/education/sustainable-development/esd-net,,None,,None,,
Theme,ELECTION,13/10/13,13/10/13,Elections of any kind,,," UN General Assembly, Member States, Green Political Parties, Global Greens Network, Green Belt Movement, electoral gains",https://www.cfr.org/backgrounder/how-green-party-success-reshaping-global-politics,,None,,None,,
Theme,ELECTION_FRAUD,13/10/13,13/10/13,"Election fraud, from ballot stuffing to vote rigging",,,"parametric detection tools, data representation, systematic election irregularities, incremental fraud probability, extreme fraud probability",https://www.pnas.org/doi/10.1073/pnas.1210722109,,None,,None,,
Theme,ENV_BIOFUEL,13/10/13,13/10/13,Biofuels,,,"demand for biofuels, deadweight losses, Renewable Fuel Standard (RFS), National Center for Environmental Economics (NCEE), Second/third generation Biofuels, renewable feedstocks, Flexible Fuel vehicles, exhaustible resource depletion","https://www.epa.gov/environmental-economics/economics-biofuels#:~:text=In%20contrast%20to%20fossil%20fuels,in%20theory%2C%20be%20sustained%20indefinitely.",,None,,None,,
Theme,ENV_CARBONCAPTURE,13/10/13,13/10/13,Carbon capture/sequestration,,,"Geologic carbon sequestration, Biologic carbon sequestration, geologic basins, tertiary recovery, vegetation, woody products, aquatic environments, soils",https://www.usgs.gov/faqs/whats-difference-between-geologic-and-biologic-carbon-sequestration,,None,,"vegetation, soils",,
Theme,ENV_CLIMATECHANGE,13/10/13,13/10/13,Discussion of climate change and global warming,,,"clicktivism, social media environmental activism, Environmental Sensing Networks, effects of climate change, dependence on fossil fuels, investing in renewables, use of geotags",https://www.weforum.org/agenda/2016/04/can-social-media-help-to-save-the-environment,,,,None,,
Theme,ENV_COAL,13/10/13,13/10/13,Coal power,,,"coal pledge, coal assets, coal capacity, coal power plants, decommisiioning of coal power plants, coal power employees, ",https://www.weforum.org/agenda/2022/03/a-cleaner-life-for-coal-power-plants/,,None,,None,,
Theme,ENV_DEFORESTATION,21/04/14,21/04/14,Deforestation and clear cutting,,,"deforestation due to cattle ranching, deforestation caused by palm oil, deforestation caused by soybean production, deforestaion due to wood products,Collaborative Partnership on Forests, Global Landscapes Forum, Green Finance for Sustainable Landscapes",https://www.un.org/esa/forests/wp-content/uploads/2021/10/CPF-brochure-COP26-flagship-initiatives.pdf,,None,,None,,
Theme,ENV_FISHERY,16/04/14,16/04/14,Discussion of fisheries and fish hatcheries,,,"aquaculture, farmed fish, commercial fisheries, recreational fishing, artificial breeding, subsistence fishing ",https://www.fisheries.noaa.gov/node/52171,,,None,None,,
Theme,ENV_FORESTRY,20/04/14,20/04/14,Foresty and the logging industry,,,"lumberjacks, modern logging, toxic air pollutants from industrial development, ",https://www.epa.gov/regulatory-information-sector/forestry-and-logging-sector-naics-113,,,"pine, forests, timber, wood products, wood fiber",None,,
Theme,ENV_GEOTHERMAL,13/10/13,13/10/13,Geothermal,,,"heat extraction, geothermal technologies, heating demand, dry steam plants, geothermal fluid, heat exchangers, binary cycle technology",https://www.irena.org/Energy-Transition/Technology/Geothermal-energy,,,None,None,,
Theme,ENV_GREEN,13/10/13,13/10/13,"Green, renewable, and alternative energy",,,"bioenergy, hydropower, wind energy, hydroelectric dams, photovoltaic (PV), floating solar farms, floatovoltaics, tidal and wave energy, solar windows",https://www.energy.gov/eere/renewable-energy,,,"marine, hydrogen",None,,
Theme,ENV_HYDRO,13/10/13,13/10/13,Hydropower,,,"hydropower turbine, kinetic energy, energy reservoir, run-of-the-river systems, potential energy ",https://www.energy.gov/eere/water/hydropower-basics,,,"electric power, offshore, pumped storage",None,,
Theme,ENV_METALS,17/04/14,17/04/14,"Core metals like gold, platinum, silver, copper, iron",,,"mineral resources, nonmetallic resources, gangue minerals",https://www2.tulane.edu/~sanelson/eens1110/minresources.htm,,,"nickel, chromium, aluminum, sand, gravel, gypsum, halite, uranium, dimension stone,",None,,
Theme,ENV_MINING,18/04/14,18/04/14,Mining operations,,,"mining methods, in-situ mining, mining uranium, mine development, drilling mine, blasting mine, extraction of minerals, crushing rocks, screening",https://www.americangeosciences.org/critical-issues/faq/what-are-main-mining-methods,,,"underground, open surface (pit), placer",None,,
Theme,ENV_NATURALGAS,13/10/13,13/10/13,Natural gas for power and heating,,,"gas exploration, drilling, hydraulic fracturing, hydrofracking, carbon footprint",https://www.eia.gov/energyexplained/natural-gas/natural-gas-and-the-environment.php,,,"carbon monoxide, sulfur dioxide, nitrogen oxides, methane,",None,,
Theme,ENV_NUCLEARPOWER,13/10/13,13/10/13,Nuclear power for energy generation (excludes nuclear weapons),,,"radioactive waste, reactor fuel, power plant systems, uranium mill tailings, ionizing radiation",https://www.eia.gov/energyexplained/nuclear/nuclear-power-and-the-environment.php,,,"radiation, cosmic rays, radon gas, ARS",None,,
Theme,ENV_OIL,13/10/13,13/10/13,Oil power,,,"petroleum products, natural gas leases, gas wells, oil extraction, oil and gas health information ",https://www.eia.gov/energyexplained/oil-and-petroleum-products/oil-and-the-environment.php,,,"crude oil, rigs, loose emulsion",None,,
Theme,ENV_OVERFISH,22/04/14,22/04/14,Overfishing,,,"conserve ecosystems, conserve wildlife, marine threat,  juvenile fish, poor fishing management, illegal fishing",https://www.edf.org/oceans/overfishing-most-serious-threat-our-oceans,,,"subsidies, sea turtles, cetaceans, bycatch",None,,
Theme,ENV_POACHING,01/10/14,01/10/14,Poaching,,,"poaching of elephants, animal trafficking, smuggled ivory, illegal animal shooting, animal population decimation, illegal trade of ornamental plants",https://education.nationalgeographic.org/resource/poaching,,,None,None,,
Theme,ENV_SOLAR,13/10/13,13/10/13,Solar power,,,"solar photovoltaic, solar thermal panels, solar dealer, kilowatt-hour energy measure, renewable energy, solar cells, electric grid, use of inverter. peak sun hours",https://www.energy.gov/eere/solar/how-does-solar-work,,,"kWh, PV, BOS, balance of system",None,,
Theme,ENV_SPECIESENDANGERED,01/10/14,01/10/14,Discussion of endangered species,,,"loss of habitat, loss of genetic variation, Endangered Species Coalition, vulnerable African elephants, endangered black rhino                    critically endangered species",https://education.nationalgeographic.org/resource/endangered-species,,,None,None,,
Theme,ENV_SPECIESEXTINCT,01/10/14,01/10/14,Discussion of extinction,,,"animal extinctions, plant species extinctions, sixth mass extinction, Entomologists-issued warnings",https://www.ncbi.nlm.nih.gov/books/NBK232371/,,,None,None,,
Theme,ENV_WATERWAYS,15/04/14,15/04/14,Waterways,,,"polluted waterways, swiftwater spill, shoreline cleanup,woodland restoration, erosion waterway ptotection, grass waterway benefits",https://www.smithtownny.gov/118/Environment-Waterways,,,"maritime,",None,,
Theme,ENV_WINDPOWER,13/10/13,13/10/13,Wind power,,,"wind turbines, rotational energy, windmills, wind farm, delivery cabin-station, wind generators",https://www.nrel.gov/research/re-wind.html,,,underground cable duct,None,,
Theme,ETH_INDIGINOUS,01/10/14,01/10/14,s,,,"aboriginal, native, Maori or American Indian, First Nations, Mohawk Nation, Métis, Inuit, Indians",https://www.worldbank.org/en/topic/indigenouspeoples,,,None,None,,
Count,EVACUATION,13/10/13,13/10/13,Mentions of evacuations,,,"good samaritan shelters, fire evacuation, evacuation warning, shelter-in-place order, fire stations, patient evacuee, animal evacuee",https://www.nga.org/wp-content/uploads/2018/08/GovGuideMassEvacuation.pdf,,,None,None,,
Theme,EXHUMATION,13/10/13,13/10/13,"Discussion of mass graves, exhumation, unearthing of bodies, human remains, etc",,,"thermochronology, orogenesis, topography, tectonostratigraphic domains, Longmen Shan",https://www.frontiersin.org/articles/10.3389/feart.2021.688374/full,,,buried,None,,
Theme,EXILE,13/10/13,13/10/13,Actual mention of exile in the text,,,"indigenous North African activist, indigenous dispossession, genocide, non-Native activists",https://intercontinentalcry.org/indigenous-settler-decolonization-and-the-politics-of-exile/,,,None,None,,
Theme,EXTREMISM,13/10/13,13/10/13,"Discussion of extremists, both political (farright/farleft/anarchist), groups like skinheads, and terms like zealot, ""fringe element"", etc",,,"neo-Nazi beliefs, radical-rights, Klansman, anti-foreigner, anti-Semitic, anti-gay, english skinheads",https://www.dissentmagazine.org/article/no-cheers-anarchism,,,"democratic, rebellions, racisism,",None,,
Theme,FIREARM_OWNERSHIP,25/04/14,25/04/14,Gun rights,,,"mass shootings, bipartisan gun safety bill, shooting at a synagogue, gun control legislation, second amendment freedoms, gun ownership",https://www.opensecrets.org/news/issues/guns,,,None,None,,
Theme,FOOD_SECURITY,13/10/13,13/10/13,"Famine, food crisis, malnourishment, food prices",,,"food prices, marginal food security, household food insecurity access scale, household hunger scale, coping strategies index",https://www.ifpri.org/topic/food-security,,,"CSI, environmental stressors",None,,
Theme,FOOD_STAPLE,27/11/13,27/11/13,"Captures explicit mention of terms like ""food staple""",,,"edible plants, industrial crops, grains, micronutrients, macronutrients, legumes, nutritional needs, vegetables/animal products, pseudocereal grain ",https://education.nationalgeographic.org/resource/wbt-staple-food-crops-world,,,none,None,,
Theme,FREESPEECH,13/10/13,13/10/13,Freedom of speech,,,"first amendment, flag burning",https://www.uscourts.gov/about-federal-courts/educational-resources/about-educational-outreach/activity-resources/what-does,,,"seek information and ideas, impart information and ideas, express your views aloud",None,,
Theme,FUELPRICES,20/02/14,20/02/14,"Cost of fuel, energy, heating.",,,"kerosene prices, average heating expenditures, residential retail heating fuel price, heating oil",https://www.nyserda.ny.gov/researchers-and-policymakers/energy-prices/home-heating-oil/average-home-heating-oil-prices,,,none,None,,
Theme,GEN_HOLIDAY,01/10/14,01/10/14,General discussion of holidays,,,"public holidays, Memorial Day, federal holidays, floating holidays, non-essential government employees, observe federal holidays, Independence Day, Monday July 4th, Labor Day, Columbus Day, Christmas Day, Thanksgiving Day, Veterans Day ",https://www.ca2.uscourts.gov/clerk/calendars/federal_holidays.html; https://www.federalpay.org/holidays,,,prevent burnout,None,,
Theme,GENDER_VIOLENCE,04/11/13,04/11/13,Gender violence,,,"human rights violations, physical or sexual abuse, stalking, human trafficking, elder abuse, child marriage, female genital mutilation, sexual exploitation, female infanticide",https://www.unhcr.org/en-us/gender-based-violence.html,,,none,stalking,,
Theme,GENERAL_GOVERNMENT,13/10/13,13/10/13,"General discussion of government, congress, parliament, republic, regime, etc",,,"legislative branch, lower and upper houses, political parties, parliamentary systems, presidential systems, parliamentary democracy, constitutional monarchies, parliamentary republics",https://borgenproject.org/how-a-parliamentary-system-works/,,,none,None,,
Theme,GENERAL_HEALTH,13/10/13,13/10/13,"Any general discussion of human, animal, plant, etc health, from hygiene to hospitals, doctors to disease",,,"hand hygiene, clean healthcare faciliies, patient experience, C. difficile infection, contagious diseases, viral infections",https://www.cdc.gov/handhygiene/index.html,,,patient experience,None,,
Theme,GENTRIFICATION,19/05/14,19/05/14,Gentrification,,,"unfair housing policies, long-neglected areas, poor communities, communities of color, working-class communities",https://education.nationalgeographic.org/resource/gentrification,,,suburbs,None,,
Theme,GOV_DISSOLVEGOV,01/10/14,01/10/14,Dissolving government,,,"single government entity, one municipal entity, unicameral legislature, democracy, authoritarian presidential",https://search.usa.gov/search?affiliate=usagov&query=Dissolving+government&_gl=1*1om0xeq*_ga*MTkzMzM2NTI1LjE2NjcwNzE3NzI.*_ga_GXFTMLX26S*MTY2NzA3MTc3Mi4xLjAuMTY2NzA3MTc3NC4wLjAuMA..,,,none,None,,
Theme,GOV_DIVISIONOFPOWER,01/10/14,01/10/14,Division of power in government,,,"Legislative, judicial, executive, pentagon, president, supreme court's, congress, first amendment",https://www.uscourts.gov/educational-resources/educational-activities/separation-powers-action-us-v-alvarez,,,system of checks and balances,None,,
Theme,GOV_INTERGOVERNMENTAL,01/10/14,01/10/14,Intergovernmental activities or proposals,,,"local governments, federal regulatory agencies, FCC programs, operation of international activities, intergovernmental advisory committee",https://www.fcc.gov/consumer-and-governmental-affairs/office-intergovernmental-affairs,,,none,None,,
Theme,GOV_REFORM,01/10/14,01/10/14,Government reform,,,"federal reforms, revolutionary laws, policies builders, political changes","https://revenuedata.doi.gov/how-revenue-works/federal-reforms/#:~:text=The%20federal%20government%20reforms%20laws,implementation%20rules%20for%20the%20legislation.",,,"expanders, dismanlters, public concerns",None,,
Theme,GOV_REPATRIATION,01/10/14,01/10/14,Repatriation,,,"domestic repatriation plans, repatriation operations, mexican repatriation, voluntary repatriations",https://www.gao.gov/products/gao-22-105685,,,none,None,,
Theme,GRIEVANCES,20/02/14,20/02/14,"Mention of the term ""grievances"" as explicit discussion of societal unhappiness.",,,"grievances against physicians, voices unheard, dissatisfaction to health plans, death, sicknesses, inequitable treatment",https://www.ncbi.nlm.nih.gov/pmc/articles/PMC2690133/,,,persistent problems,None,,
Theme,HARASSMENT,20/12/13,20/12/13,"Explicit mention of the word ""harassment""",,,"pregnancy harasser, unlawful harassment, Title VII of the Civil Rights Act of 1964, Age Discrimination in Employment Act of 1967, Americans with Disabilities Act of 1990, harassment in the workplace, behaviors of offensive nature",https://www.eeoc.gov/harassment,,,(ADA),None,,
Theme,HATE_SPEECH,20/12/13,20/12/13,"Explicit mention of the phrase ""hate speech""",,,"distasteful discussions, offensive speech, hateful speech, incite intentionally, sexual identity, gender identity, ethnicity, disability, national origin",https://www.ala.org/advocacy/intfreedom/hate,,,"threats, vilify, humiliate,  religion, skin color ",None,,
Theme,HEALTH_PANDEMIC,13/10/13,13/10/13,Explicit mention in the text of a pandemic or public health emergency,,,"disease outbreak, Coronavirus, COVID-19, flu outbreak, contagious virus, wearing a mask, novel virus, health insurance policies, Centers for Disease Control and Prevention (CDC), disinfect high- touch objects",https://www.ready.gov/pandemic,,,"diseases spread,",None,,
Theme,HEALTH_SEXTRANSDISEASE,13/10/13,13/10/13,Mention of sexually transmitted diseases,,,"STI screening, HIV risk assessment, STI infection prevention counseling, HIV infection prevention counseling, Pelvic Inflammatory disease diagnosis, congenital syphilis diagnosis, curbing syphilis outbreak, drug-resistant gonorrhea",https://www.cdc.gov/std/default.htm,,,none,None,,
Theme,HEALTH_VACCINATION,13/10/13,13/10/13,"Mentions of vaccination, immunization",,,"hepatitis B, diphtheria, tetanus, & acellular pertussis, rotavirus, haemophilus influenzae type b, pneumococcal conjugate, inactivated poliovirus, influenza, measles, mumps, rubella, varicella, hepatitis A, pneumococcal polysaccharide, dengue",https://www.cdc.gov/vaccines/schedules/hcp/imz/child-adolescent.html,,,none,None,,
Theme,HUMAN_TRAFFICKING,13/10/13,13/10/13,"Human trafficking, sexual slavery, prostitution, human smuggling, etc",,,"forced labor, commercial sex act, traffickers violence, false promises of well-paying jobs, women trafficking, children trafficking, human perpetrator",https://www.dhs.gov/blue-campaign/what-human-trafficking,,,none,None,,
Theme,IDEOLOGY,22/05/14,22/05/14,Self-identified discussion of ideology,,,"theorists, political ideology, non-ideological political beliefs, political reasoning, liberalism, conservatism, socialism, communism, theocracy, agrarianism, totalitarianism, democracy, colonialism,  globalism",https://home.uchicago.edu/~jlmartin/Papers/What%20is%20Ideology.pdf,,,none,None,,
Theme,IMMIGRATION,13/10/13,13/10/13,Discussion of immigration,,,"violation of immigration laws, deportation, citizenship, green cards, permanent residence, Immigration and Customs Enforcement, Diversity Immigrant Visa Program, 
",https://www.usa.gov/immigration-and-citizenship,,,none,None,,
Theme,IMPEACHMENT,13/10/13,13/10/13,Impeachment,,,"constitutional authority, grounds for impeachment, the senate's impeachment role, judicial impeachments, cabinet members, presidential impeachment, removal of the President, treason",https://www.senate.gov/reference/Index/Impeachment.htm,,,none,None,,
Theme,INFO_HOAX,01/10/14,01/10/14,Discussion of hoaxes,,,"broadcast of hoaxes, publicized false reports, fake news, social media propaganda, substantial public harm as a result of hoaxes ",https://www.fcc.gov/reports-research/guides/hoaxes,,,none,None,,
Theme,INFO_RUMOR,01/10/14,01/10/14,Discussion of rumors,,,"misinformation news, disinformation, malinformation of reports, rumor control page start-Up guide, Cybersecurity and Infrastructure Security Agency’s (CISA)",https://www.cisa.gov/rumorcontrol,,,,None,,
Theme,INFRASTRUCTURE_BAD_ROADS,20/02/14,20/02/14,"Mentions of potholes, impassable roads, blocked roads, etc.",,,"infrastructure plan, aging bridges, old airports, dams in mediocre condition, aging levees, aging water systems, quadrennial infrastructure report card, extra car repairs, infrastructure bill, increased fuel consumption, increased traffic jam, failing infrastructure",https://www.npr.org/2021/03/03/973054080/potholes-grid-failures-aging-tunnels-and-bridges-nations-infrastructure-gets-a-c,,,,None,,
Theme,INSURGENCY,15/05/14,15/05/14,Self-identified discussion of insurgency,,,"Counterinsurgency, COIN, displacement of people, political factions, labour movements, guerilla bases, guerilla operations, insurgent terror attacks",https://www.nato.int/nato_static_fl2014/assets/pdf/pdf_2017_09/20170904_1709-counterinsurgency-rc.pdf,,,,COIN,,
Theme,INTERNET_BLACKOUT,13/10/13,13/10/13,Mentions of internet blackouts,,,"Syrian IP space, Syrian telecommunications, router configurations, cable cut, NSA, National Secuity Agency",https://www.theguardian.com/world/2014/aug/13/snowden-nsa-syria-internet-outage-civil-war,,,,None,,
Theme,INTERNET_CENSORSHIP,13/10/13,13/10/13,"Internet censorship such as blocking websites, etc",,,"blocking social media sites, Zain, MTN, Sudani, Netblocks, digital rights NGO, internet censorship regime, authoratarian governments",https://www.reuters.com/article/us-sudan-protests-internet/sudan-restricts-social-media-access-to-counter-protest-movement-idUSKCN1OW0Z7,,,,None,,
Theme,JIHAD,13/10/13,13/10/13,"Actual mentions of ""jihad"" and ""holy war""",,,"Islamic Jihad, Palestinian militant group, Hamas, Israeli military, Sunni group, Al Qaeda, Gaza border",https://www.reuters.com/article/uk-palestinians-islamicjihad/single-minded-islamic-jihad-grows-in-gazas-shadows-idUKBRE9AB08E20131112,,,,None,,
Count,KIDNAP,13/10/13,13/10/13,"Someone being kidnapped, abducted, hostages, etc",,,"Boko Haram, North eastern Nigeria, Chibok girls, attack on schools, UNICEF Safe School Declaration, bride-kidnapping, NGO Women Support Center, End Violence Against Women Campaign in Kyrgyzstan","https://www.unicef.org/wca/press-releases/more-1000-children-northeastern-nigeria-abducted-boko-haram-2013, https://www.un.org/youthenvoy/2013/09/new-law-in-kyrgyzstan-toughens-penalties-for-bride-kidnapping/",,,,None,,
Count,KILL,13/10/13,13/10/13,Any mention of something dying,,,"crime-related homicide, Interpersonal homicide, organized crime kills, gender-related killing of women and girls, homicide statistics, lethal violence against women, non-lethal violence against women, femicide, intimate partner killing, homicide victims, violent masculinity, The Global Study on Homicide 2013, Verkko's laws, the static law, Dowry-related killings, ",https://www.unodc.org/documents/data-and-analysis/gsh/Booklet_5.pdf,,,,None,,
Theme,LANDMINE,13/10/13,13/10/13,"Landmines, IEDs, antipersonnel mines, etc",,,"UN Article 7 Database, Humanitarian Mine Action, Mine Detection dogs, Mine Ban Convention, Stockpiling of Interpersonal Mines, Landmine and Cluster Munition Monitor, CHA, Confirmed Hazardous Area, Cluster Munition Coalition, CMC, Antivehicle Mine, Mine Ban Treaty, Land Release, Suspected Hazardous Area, SHA","https://www.un.org/disarmament/anti-personnel-landmines-convention/,     http://www.the-monitor.org/media/3318354/Landmine-Monitor-2021-Web.pdf",,,,"CMC, SHA",,
Theme,LEADER,13/10/13,13/10/13,"Political elites, such as lawmakers, presidents, supreme leaders, etc",,,"Legislative headlines, State Capitols, State Legislatures, NCSL, National Conference of State Legislatures, threats against lawmakers, Senate debate, Democrats, Republicans, conservative lawmakers, longest-tenured lawmakers, opposition coalition",https://www.ncsl.org/bookstore/state-legislatures-magazine.aspx,,,,None,,
Theme,LEGALIZE,13/10/13,13/10/13,"Something being legalized, laws being repealed, etc",,,"Abortion Ban, Abortion Laws by State, Federal legalization of Marijuana, recreational use of cannabis, repeal voter initiatives, Decriminalization Enactments 2020, Cannabis Record Clearing", https://www.ncsl.org/research/civil-and-criminal-justice/marijuana-overview.aspx,,,,None,,
Theme,LEGISLATION,13/10/13,13/10/13,Discussion of laws,,,"Bill drafting, Executive Budget, Committee Action, Floor Ammendments, Passing a Bill, Federal Trade Commission, FTC, Bankruptcy/Insolvency/Restructuring Legal News, Biotech Food and Drug Law, FDA, Food and Drug Administration, USDA, US Department of Agriculture, Environmental Protection Agency, EPA, National Pollution Discharge Elimination System, NPDES, Clean Air and Water Acts, Toxic Substances and Control Act","https://www.nysenate.gov/how-bill-becomes-law-1 , https://www.natlawreview.com/practice-groups/Environment-Energy-EPA",,,,None,,
Theme,LGBT,04/11/13,04/11/13,"Lesbian, Gay, Bisexual, and Transgender discussion",,,"LGBTQ youth, Experiences of Bullying and Harassment, Anti-LGBTQ Bullying and Harassment, Location and Mode of Sexual Harassment, Online Civic Participation among LGBTQ and NON-LGBTQ youth, Text-based Civic Participation, Online/ Text-based Victimization, Outness by Gender, Outness by Race/Ethnicity, LGBTQ Demographics",glsen.org/sites/default/files/2020-01/Out_Online_Full_Report_2013.pdf,,,,None,,
Theme,LITERACY,13/10/13,13/10/13,Discussion of literacy and illiteracy,,,"Sustainable Development Goal for Education, SDG 4, UNESCO Institute for Statistics, UIS, non-tertiary education, functional literacy, early childhood education, post-secondary education",https://uis.unesco.org/en/news/uis-releases-more-timely-country-level-data-sdg-4-education,,,,None,,
Theme,LOCUSTS,13/10/13,13/10/13,Mentions of locusts,,,"locusts breeding grounds. loss of livestock, loss of pastures, loss of vegetation, locusts plague, pesticides spraying, migrating locusts, desert locusts, Cyclone Gati, acute food insecurity and poverty, locust outbreak, locust swarm",https://www.bbc.com/news/topics/cezydj1nz4xt,,,,None,,
Theme,MANMADE_DISASTER,13/10/13,13/10/13,"Failure of manmade infrastructure such as car crashes, bridge collapses, derailments, plane crashes, etc",,," submerged suspension bridge, bridge deterioration, lack of bridge maintenance and inspection, Tsunami-resistant Bridges, Disaster management, Fukushima Nuclear disaster, release of radioactivity, Declaration of Nuclear emergency, Radiation exposure, Radiation survey map, special decontamination areas, Boeing 737 MAX crashes, FAA airplane certification, ","https://www.cnn.com/2022/10/22/business/boeing-737-max-crime-victims, https://world-nuclear.org/information-library/safety-and-security/safety-of-plants/fukushima-daiichi-accident.aspx, https://www.sciencedirect.com/topics/engineering/bridge-failure",,,,None,,
Theme,MANMADE_DISASTER_IMPLIED,13/10/13,13/10/13,"Discussion of disasters in context with manmade structures, but where the relationship is not fully clear, but is implied",,,"Chernobyl Accident, nuclear criticality accident, overheated core material, reactor materials, Fukushima nuclear disaster, progressive heating, progressive meltdown, progressive oxidation of core, thyroid glands absorbing radiation, thyroid cancer due to release of radioactivty","https://www.nei.org/resources/fact-sheets/comparing-fukushima-and-chernobyl#:~:text=The%20accident%20at%20Fukushima%20occurred,released%20after%20the%20Fukushima%20accident.",,,,None,,
Theme,MARITIME,13/10/13,13/10/13,General discussion of the maritime environment,,,"Marine environment Protection Committee, MEPC, IMO, International Maritime Organization, vessel activity trends, The Nautical Institute, Polar shipping developments, GHG emissions from ships, maritime security",https://www.imo.org/en/MediaCentre/HotTopics/Pages/Default.aspx,,,,None,,
Theme,MARITIME_INCIDENT,13/10/13,13/10/13,"Sinking ships, capsizing, etc",,,"island of Lampedusa, African migrants fleeing war, African migrants fleeing poverty, criticism of European immigration policy, migrants from Middle East, Italian Coast guard boats, Terre des hommes, asylum seekers, asylum regulations, resettlement program for refugees, shipwreck survivors",https://www.nytimes.com/2013/10/04/world/europe/scores-die-in-shipwreck-off-sicily.html,,,,None,,
Theme,MARITIME_INCIDENT_IMPLIED,13/10/13,13/10/13,"Maritime emergencies like sinking ships, collisions at sea, etc",,,"Juiletta D. cargo ship, collision with Oil tanker, Sinking of the Byakko, coast guard rescue operations, oil Spill, Ignited Ship, explosion and release of gas, Iranian Oil Tanker The Sanchi, Chinese Freighter CF Crystal Collision, light crude OIl Spill",https://www.ndtv.com/topic/ship-collision,,,,None,,
Theme,MARITIME_INCIDENT_SELF_IDENTIFIED,20/02/14,20/02/14,Mentions of specific unambiguous martime accidents like grounding.,,,"blocking traffic, fuel leakage, block the navigation channel, disrupt maritime traffic, Evergreen Container ship, hull breach, water pollution",https://www.reuters.com/world/us/cargo-ship-runs-aground-us-year-after-companys-other-ship-blocked-suez-2022-03-15/,,,,None,,
Theme,MARITIME_PIRACY,01/10/14,01/10/14,Maritime piracy,,,"illegal maritime operations, human trafficking, arms trafficking, Territorial Waters, contraband weapons, contraband ammunition, StandOff Attacks,Direct/Blast Attacks",https://dg.dryadglobal.com/what-is-maritime-piracy#Terrorism,,,,None,,
Theme,MEDIA_CENSORSHIP,13/10/13,13/10/13,"Censorship of the mainstream media, such as arresting journalists, press freedoms, etc",,,"accused of espionage, women journalists at risk, freedom of the press, Plan of Action on the Safety of Journalists, expose atrocities, increased policitization",https://news.un.org/en/story/2022/05/1117362,,,,None,,
Theme,MEDIA_MSM,13/10/13,13/10/13,"Any mention of mainstream media such as television, reporter, journalist, etc. Often flags just a mention of a ""reporter"", but can be used to capture discussion of MSM overall",,,"fabricating news, stage managing, image making, political allies through philanthropy, competing propoganda of conflicting interests, corporate propogandists, Pulitzer Journalism",https://hbr.org/1995/05/why-the-news-is-not-the-truth,,,,None,,
Theme,MEDIA_SOCIAL,13/10/13,13/10/13,"Any mention of social media such as Facebook, Twitter, etc. Often flags mentions of ""follow me on twitter"", but useful proxy for discussion of social media",,,"Web2 Social Media, Web3 Social Media, Social Media Influencers, decentralized social media, new forms of monetization, covert influence campaigns, Social media analytics",https://cointelegraph.com/news/facebook-and-twitter-will-soon-be-obsolete-thanks-to-blockchain-technology,,,,None,,
Theme,MEDICAL,13/10/13,13/10/13,"More narrowly focused on healthcare like nurses, health services, addiction treatment, etc",,,"medication error, Nursing license, CDC, Center for Disease Control and Prevention, improving emergency medical care, medication error, mental disorders, self-help strategies, psychotherapy, rehabilitation programs",https://khn.org/news/tag/nurses/,,,,CDC,,
Theme,MEDICAL_SECURITY,20/02/14,20/02/14,"Access to doctors, healthcare, poor medical access, etc.",,,"Universal Health coverage, immunization, family planning, antiretroviral treatment for HIV, insecticide-treated bed nets, vaccines for Monkeypox, increase funding for STI, STI prevention, Sexually Transmitted Infections, ACT-Accelerators, sustainable oxygen acess in LMIC's, Doctors wihout Borders",https://www.who.int/news/item/13-12-2017-world-bank-and-who-half-the-world-lacks-access-to-essential-health-services-100-million-still-pushed-into-extreme-poverty-because-of-health-expenses,,,,None,,
Theme,MIL_SELF_IDENTIFIED_ARMS_DEAL,13/10/13,04/11/13,"Only actual mentions of ""arms deal"", ""weapons sale"", etc - doesn't determine that a sale of AK47's is an arms sale, requires the text to explicitly label it as such",,,"Turkish Bayraktar TB2 drones, drones against Ukraine cities, Shahed-136sUAVs, Taiwan's coastal defense, Taiwan's Air Defense, AIM-9x Missiles, ","https://www.cnn.com/2022/09/02/politics/us-taiwan-arms-sales, https://news.yahoo.com/russias-iranian-arms-deals-ukraine-095211312.html",,,,None,,
Theme,MIL_WEAPONS_PROLIFERATION,04/11/13,04/11/13,Weapons proliferation,,,"Weapons of Mass Destruction, WMD, detect proliferation, prohibit proliferation, counter terrorist financing, weapon proliferation financing, interconnection with terrorism","https://www.coe.int/en/web/moneyval/implementation/financing-proliferation#:~:text=The%20FATF%20defines%20proliferation%20of,international%20attention%20for%20several%20years.",,,,None,,
Theme,MILITARY,13/10/13,13/10/13,General discussion of the military,,,"UN Police, civilian colleagues, UN Peacekeeping operations, United Nations Office of Military Affairs, Blue Helmets, Women Peacekeepers",https://peacekeeping.un.org/en/military,,,,None,,
Theme,MILITARY_COOPERATION,13/10/13,13/10/13,"Actual mentions of military ties, military aid, defense cooperation, etc (where the text explicitly labels it as such)",,,"finance weapons for Ukraine, US weapons stocks, Presidential Drawdown Authority, PDA, anti-aircraft NASAMS systems, aid package for Ukraine defense, missiles/radar support to Taiwan, economic pressure in Taiwan, air-to-air fire power, grey zone coercion","https://www.reuters.com/world/europe/us-send-munitions-humvees-ukraine-725-mln-aid-package-officials-2022-10-14/,   https://www.france24.com/en/asia-pacific/20220903-us-approves-1-1-billion-arms-package-for-taiwan-angering-china",,,,PDA,,
Theme,MOVEMENT_ENVIRONMENTAL,04/11/13,04/11/13,Environmental movements,,,"Earth Day, Environmental Activism, potential for greenwashing, Zero Hour, green political movements, Chipko movement, Sierra Club, self-sufficient farms, green consumerism, grassroots democracy","https://www.bbc.com/future/article/20200420-earth-day-2020-how-an-environmental-movement-was-born, https://www.britannica.com/topic/environmentalism/History-of-the-environmental-movement",,,,None,,
Theme,MOVEMENT_GENERAL,04/11/13,04/11/13,"General discussion of movements, activists, etc",,,"Greta Thunberg, Environmental Activist, COP 26 Summit, climate activism, climate change mitigation, climate campaigner",https://www.bbc.com/news/world-europe-49918719,,,,None,,
Theme,MOVEMENT_OTHER,04/11/13,04/11/13,"Catchall for movements such as equality movements, religious movements, youth movements, labor movements, etc",,,"Civil Rights Movement, Black rights, white supremacy, African American civil rights, Secularism in Nigeria, Christian-Muslim Conflict, Christian Association of Nigeria, CAN, Organization of Islamic Conference, OIC","https://www.britannica.com/event/American-civil-rights-movement,   https://rpl.hds.harvard.edu/religion-context/country-profiles/nigeria/emerging-religious-movements",,,,"CAN, OIC",,
Theme,MOVEMENT_SOCIAL,04/11/13,04/11/13,General discussion of social-related movements,,,"Black Lives Matter, Anti-Black Violence, police killings, unarmed Black Men, police brutality, political polarization, minority neighbourhoods ",https://www.britannica.com/topic/Black-Lives-Matter/Subsequent-protests-George-Floyd-Ahmaud-Arbery-and-Breonna-Taylor,,,,None,,
Theme,MOVEMENT_WOMENS,04/11/13,04/11/13,Women-specific movements,,,"MeToo movement, Second-Wave Feminism, individualist feminism, social feminism, 1960s text on The Feminine Mystique, women empowerment, gendered oppression, Equal Rights Amendment, ERA, Equal Employment Opportunity Commission, women's suffrage, defending abortion rights, Woman' s Peace Party, WPP, All India Women's Conference, AIWC","https://www.theguardian.com/news/2018/may/11/how-metoo-revealed-the-central-rift-within-feminism-social-individualist, https://www.britannica.com/biography/Perle-Mesta",,,,WPP,,
Theme,NATURAL_DISASTER,13/10/13,13/10/13,"From floods to coldsnaps, wildfires to tornadoes",,,"Hurricane Ida, natural catastrophe insurance, severe inland flooding, Hurrican Ian, Landfalls, western wildfire season, depleted natural reservoirs, Heat Wave, Wildfire risk, North Central Hail Storms, Tropical Storm Elsa, Sumatra Earthquake, Tsunami of 2004, extreme precipitaion and flooding","https://www.ncei.noaa.gov/access/billions/events, https://ourworldindata.org/natural-disasters",,,,None,,
Theme,NEGOTIATIONS,13/10/13,13/10/13,"Discussion of bargaining, negotations, etc.",,,"Iran Nuclear Deal, economic sanctions, Vanovia's acquisiiton of Deustche Wohnen, successful WTO services negotiation, Joint Statement Initiative on Services Domestic Regulations, DRJSI, Ukraine's interest in NATO membership, sovereignty of Taiwan, North-South Korea Peace Treaty, German Government Negotiations",https://www.forbes.com/sites/jacknasher/2021/12/27/top-10-world-changing-negotiations-for-2022/?sh=e2965747c581,,,,None,,
Theme,NEW_CONSTRUCTION,13/10/13,13/10/13,"Mentions of new construction, new roads, etc",,,"Peruvian Tunnel, 3-D road modeling, Sweco Nederland, Simex PL 2000, widest asphalt cold planer, Chinese Expressway Expansion Project, Vietnam North-South Expressway Project",https://www.worldhighways.com/news,,,,None,,
Theme,ORGANIZED_CRIME,13/10/13,13/10/13,"Discussion of gangs, mafia, organized crime, etc",,,"money laundering, Europe's Narco-Bank, structured financial network, Mexican Drug Cartels, Drug Trafficking, organized crime syndicates, Ndrangheta in Italy, Gambino Mafia","https://apnews.com/article/business-crime-police-reform-ca9c0b8b0d2234a63811bc4749b145cc, https://www.justice.gov/usao-edny/pr/24-defendants-ties-powerful-italian-organized-crime-syndicate-known-ndrangheta-arrested",,,,None,,
Theme,PEACEKEEPING,13/10/13,13/10/13,"Mentions of peacekeepers, UN forces, etc",,,"MINUSMA, Mutlidimensional Integrated Stabilization Mission, MINUSMA in Mali, MINUSMA in Central African Republic, MINUSMA in Western Sahara, police contributors, Military contributors, Security Council resolution 2100, Security Council Resolution 2164,rebuiliding of security sector, human rights protection, reestablishment of State Authority, supporting National Political dialogue, stabilization and protection of civilians",https://peacekeeping.un.org/en/mission/minusma,,,,None,,
Theme,PERSECUTION,04/11/13,04/11/13,"Actual mentions of ""persecution""",,,"Open Doors, non-denomination group supporting persecuted Christians, increasing violence against Christians, radical Muslims, Islamist extremism, practicing Christian faith, Christian persecution, violence against Christians",https://www.reuters.com/article/us-christianity-persecution-report/reported-christian-martyr-deaths-double-in-2013-report-idUSBREA070PB20140108,,,,None,,
Theme,PHONE_OUTAGE,20/02/14,20/02/14,Interruption of phone service.,,,"Nature-related events,Faulty installation,Network congestion,Outdated technology,Termination of phone service",https://www.fcc.gov/consumers/guides/when-your-telephone-company-discontinues-service,,,none,None,,
Theme,PIPELINE_INCIDENT,20/02/14,20/02/14,Pipeline explosion or damage.,,,"Pipeline Explosion,Hazardous Materials,",https://www.tedlyon.com/pipeline-explosion-injuries/what-damages-are-available-in-a-pipeline-explosion-lawsuit-in-texas/,,,Structural Damage,None,,
Theme,PIRACY,13/10/13,13/10/13,"Piracy, hijacking, etc (but not software/music/etc piracy)",,,"Acts of Violence, Any act of Depredation,Skyjacking",https://core.ac.uk/download/pdf/234650079.pdf,,,"Detention, Corruption,Violence,Politics",None,,
Theme,POL_HOSTVISIT,01/10/14,01/10/14,Hosting a visit,,,,,Deleted,,,None,,
Theme,POLITICAL_PRISONER,13/10/13,13/10/13,Explicit mention of political prisoners or labor camps,,,"Social Archeaology,Structural Violence",https://www.britannica.com/topic/political-prisoner,,,"Communists,Historical Discourse,Socialists,Authorities",None,,
Theme,POLITICAL_TURMOIL,13/10/13,13/10/13,"Discussion of major unrest such as martial law, political ""crisis"", state of emergency, violent supression, etc.",,,Travel Ban,https://www.ojp.gov/ncjrs/virtual-library/abstracts/gang-suppression-and-intervention-problem-and-response-research,,,"Probation,Parole,Corrections,Community,Organizations, Closures,Executive Orders",None,,
Theme,POPULATION_DENSITY,17/05/14,17/05/14,Population density,,,"Labour Force,Densely Populated",https://ourworldindata.org/grapher/population-density,,,"Geographic Areas,Global Population,Variation,Commercial Importance, Growth Rate",None,,
Theme,POVERTY,13/10/13,13/10/13,"Poverty, homeless, destitute",,,"Welfare Struggle,Affordable Health Care,Social Services ",https://brownpoliticalreview.org/2021/12/being-poor-alone-does-not-make-people-homeless-being-poor-where-housing-is-unaffordable-makes-people-homeless/,,,"Social Issues,Rehabilitative",None,,
Theme,POWER_OUTAGE,25/10/13,25/10/13,"Mentions of power failures - these are also captured under MANMADE_DISASTER, but are broken out here so that they can be specifically selected",,,"Nature-related events,Faulty installation",https://www.fcc.gov/consumers/guides/when-your-telephone-company-discontinues-service,,,",Network congestion,Outdated technology,Termination of service",None,,
Theme,PRIVATIZATION,20/02/14,20/02/14,Mention of privatization or deregulation.,,,"the privatization process,  deregulation movement, short of privatization, privatization in market economies, spread of privatization trend",https://hbr.org/1991/11/does-privatization-serve-the-public-interest,,,none,None,,
Theme,PROPAGANDA,13/10/13,13/10/13,"Explicit mention of ""propaganda""",,,"Despotism, Missionary Activities,Fascism,Communism,",https://www.historians.org/about-aha-and-membership/aha-history-and-archives/gi-roundtable-series/pamphlets/em-2-what-is-propaganda-(1944)/the-story-of-propaganda,,,"Democratic,Governments,Public Relations, Attitudes,Opinions",None,,
Theme,PROPERTY_RIGHTS,13/10/13,13/10/13,"Discussion of property rights, land tenure, eminent domain, land confiscation",,,Lack of Economic Opportunity,https://www.usaid.gov/land-tenure,,,"Community Stability,Poor Governance, Private Sector,Civil Society,Agricultural Productivity,",None,,
Count,PROTEST,13/10/13,13/10/13,"Discussion of protesting, demonstrating, rioting, striking, activists, agitators, etc",,,"Racial Inequalities,Violent Attacks,Civil Rights Protestors",https://www.jstor.org/stable/10.3366/j.ctv7n0b0b,,,"Demonstrators,Discriminatory",None,,
Theme,PUBLIC_TRANSPORT,13/10/13,13/10/13,Public transportation from buses to subways,,,Produce Fewer Emissions,https://www.conserve-energy-future.com/benefits_of_public_transportation.php,,,"Economical, Traffic Congestion,Railway Networks,High Initial,Capital Investment ",None,,
Theme,RAIL_INCIDENT,20/02/14,20/02/14,"Train accidents, derailments, etc",,,,https://www.conserve-energy-future.com/benefits_of_public_transportation.php,,,,None,"signal failure, infrastructure safety, infrastructure upgrade, rail-crossing, derailment","https://www.reuters.com/world/india/indian-train-crash-death-toll-jumps-233-900-injured-2023-06-03/,https://injuryfacts.nsc.org/home-and-community/safety-topics/railroad-deaths-and-injuries/"
Theme,RAPE,13/10/13,13/10/13,"Rape, sexual slavery, sex crime, etc",,,,,Repeated,,"Human Rights,Justice System,Crimes against Humanity,Violence",None,,
Theme,RATIFY,13/10/13,13/10/13,"Mention of something actually being adopted, signed into law, ratified, etc",,,"Legal Obligation,Legislative Requirements,Constitutional procedures",https://www.unicef.org/child-rights-convention/how-convention-works,,,"accession,Decision,Signed,Authority, Convention, Protocol",None,,
Theme,REBELLION,13/10/13,13/10/13,"Mutinies, uprisings, civil war, etc",,,,http://www.civilwar.com/,,,"Differences,Discredit Democracy,Legitimacy,Precedents,Freedom",None,"open resistance, oppose authority, disobedience, political revolution","https://en.wikipedia.org/wiki/Rebellion, https://www.merriam-webster.com/dictionary/rebellion"
Theme,REBELS,14/05/14,14/05/14,Self-identified discussion of rebels,,,"Insurgents,Terrorists,Warlords",https://www.tandfonline.com/doi/full/10.1080/09592318.2017.1322337,,,"Democratic,Communal Interest,Decision-making,militias",None,,
Theme,RECRUITMENT,11/05/14,11/05/14,Recruitment,,,,Deleted,Deleted,,,None,,
Count,REFUGEES,13/10/13,13/10/13,"Refugees, displaced persons, forced migration, asylum seekers",,,,Deleted,Deleted,,,None,,
Theme,REL_ANTISEMITISM,01/10/14,01/10/14,Anti-semitism,,,"Religious Teachings,Inferiority of Jews",https://www.adl.org/antisemitism,,,",Prejudiced,Stereotyped",None,,
Theme,RELATIONS,13/10/13,13/10/13,"Narrow focus on ""improving relations"", ""restarting talks"", ""bilateral talks"", etc",,,,,Deleted,,,None,,
Theme,RELEASE_HOSTAGE,13/10/13,13/10/13,A hostage being released,,,,,Deleted,,,None,,
Theme,RELEASE_PRISON,13/10/13,13/10/13,Someone being released from prison/jail,,,,,Deleted ,,,None,,
Theme,RELIGION,13/10/13,13/10/13,"Just mention of terms like ""religion"" or ""secular"", not actual religions",,,"religious institutions,freedoms of thought,religious freedoms,political affiliation,universal human rights,discrimination,philosophical belief",https://www.ohrc.on.ca/en/creed-freedom-religion-and-human-rights-special-issue-diversity-magazine-volume-93-summer-2012/relationship-between-religions-and-secular-society,,,"Interpretations,strong rationale,dominant source,individualism,human,dignity,democratic",None,,
Theme,RESIGNATION,13/10/13,13/10/13,A resignation,,,,,Deleted ,,,None,,
Theme,RETALIATE,13/10/13,13/10/13,"Actual mentions of ""reprisals"", ""avenge"", ""strike back"", etc",,,"operational plan,ulterior objective,invasion,invaders ",https://guide-humanitarian-law.org/content/article/3/reprisals/,,,"Unlawful acts,Conventional,Military Objectives,Civilians,Protected",None,,
Theme,RETIREMENT,20/02/14,20/02/14,"Any mention of ""retirement"" (not ""retiring"", etc) or pensions.",,,"Private Pension,Federal government,retirement benefits,pre-retirement income",https://www.usa.gov/retirement,,,"financial problems,",None,,
Theme,RETIREMENTS,13/10/13,13/10/13,A retirement,,,"Existing Debts,Savings,Investment,",https://dictionary.cambridge.org/us/dictionary/english/retirement,Repeated ,,"Ideological, Social,Cultural,Political battles ,Financial Circumstances",None,,
Theme,ROAD_INCIDENT,20/02/14,20/02/14,Discussion of the rural environment,,,NK,,Repeated ,,,,,
Theme,RURAL,21/05/14,21/05/14,Sanctions and embargoes,,,NK,,,,,,,
Theme,SANCTIONS,13/10/13,13/10/13,,,,NK,,,,,,,
Theme,SANITATION,20/02/14,20/02/14,"Any mention related to sanitation, toilets, etc",,,NK,,,,,,,
Theme,SCANDAL,13/10/13,13/10/13,"Mention of scandal, disgraced, etc, where it has been self-identified in the text as a scandal",,,NK,,,,,,,
Theme,SCIENCE,13/10/13,13/10/13,"Just mentions of scientist, researcher, invention, innovation, scientific discovery, etc",,,NK,,,,,,,
Theme,SECURITY_SERVICES,13/10/13,13/10/13,"Discussion of primarily internal security services like police, law enforcement, secret police, and also peacekeepers",,,NK,,,,,,,
Theme,SEIGE,13/10/13,13/10/13,"Seiges, besieging, blockades, checkpoints, etc",,,NK,,,,,,,
Count,SEIZE,13/10/13,13/10/13,"Something being seized (often drugs, illegal materials, etc)",,,NK,,,,,,,
Theme,SELF_IDENTIFIED_ATROCITY,13/10/13,13/10/13,"Only captures atrocities identified as such in the text (atrocity, genocide, war crime, etc), not actions that could be construed as a crime, but where the text does not draw that distinction",,,NK,,,,,,,
Theme,SELF_IDENTIFIED_ENVIRON_DISASTER,13/10/13,13/10/13,"Articles where the text explicitly mentions ""ecological disaster"", ""environmental catastrophe"", etc",,,NK,,,,,,,
Theme,SELF_IDENTIFIED_HUMAN_RIGHTS,13/10/13,13/10/13,"Mentions of ""human rights"", ""political freedom"", ""religious freedom"", ""freedom of speech"", etc - only explicit mentions where the text explicitly identified a human rights issue",,,NK,,,,,,,
Theme,SELF_IDENTIFIED_HUMANITARIAN_CRISIS,13/10/13,13/10/13,"Humanitarian crises, aid, disasters, disaster relief, etc",,,NK,,,,,,,
Theme,SEPARATISTS,13/05/14,13/05/14,Self-identified discussion of separatists,,,NK,,,,,,,
Theme,SHORTAGE,13/10/13,13/10/13,"Shortages, blackouts, brownouts, rationing, etc of anything",,,NK,,,,,,,
Count,SICKENED,25/10/13,25/10/13,This category counts anything being sickened,,,NK,,,,,,,
Theme,SLFID_CAPACITY_BUILDING,01/05/14,01/05/14,Self-identified discussion of capacity building,,,NK,,,,,,,
Theme,SLFID_CIVIL_LIBERTIES,29/04/14,29/04/14,Self-identified discussion of civil liberties,,,NK,,,,,,,
Theme,SLFID_DICTATORSHIP,28/04/14,28/04/14,Self-identified discussion of dictatorship,,,NK,,,,,,,
Theme,SLFID_ECONOMIC_DEVELOPMENT,30/04/14,30/04/14,Self-identified discussion of economic development,,,NK,,,,,,,
Theme,SLFID_ECONOMIC_POWER,24/04/14,24/04/14,Self-identified discussion of economic power,,,NK,,,,,,,
Theme,SLFID_MILITARY_BUILDUP,07/05/14,07/05/14,Self-identified discussion of military buildup,,,NK,,,,,,,
Theme,SLFID_MILITARY_READINESS,08/05/14,08/05/14,Self-identified discussion of military readiness,,,NK,,,,,,,
Theme,SLFID_MILITARY_SPENDING,27/04/14,27/04/14,Self-identified discussion of military spending,,,NK,,,,,,,
Theme,SLFID_MINERAL_RESOURCES,19/04/14,19/04/14,"Self-identified discussion of mineral wealth, mineral resources, mineral exports",,,NK,,,,,,,
Theme,SLFID_NATURAL_RESOURCES,10/05/14,10/05/14,Self-identified discussion of natural resources,,,NK,,,,,,,
Theme,SLFID_PEACE_BUILDING,02/05/14,02/05/14,Self-identified discussion of peace building,,,NK,,,,,,,
Theme,SLFID_POLITICAL_BOUNDARIES,23/04/14,23/04/14,Self-identified discussion of political boundaries,,,NK,,,,,,,
Theme,SLFID_RULE_OF_LAW,09/05/14,09/05/14,Self-identified discussion of rule of law,,,NK,,,,,,,
Theme,SLUMS,04/11/13,04/11/13,"Slums, shantytowns, etc",,,NK,,,,,,,
Theme,SMUGGLING,04/11/13,04/11/13,"Smuggling of anything, including arms traficking",,,NK,,,,,,,
Theme,SOC_DIPLOMCOOP,01/10/14,01/10/14,Diplomatic cooperation,,,NK,,,,,,,
Theme,SOC_ECONCOOP,01/10/14,01/10/14,Economic cooperation,,,NK,,,,,,,
Theme,SOC_EXPRESSREGRET,01/10/14,01/10/14,Expressing regret,,,NK,,,,,,,
Theme,SOC_EXPRESSSUPPORT,01/10/14,01/10/14,"Expressing support for a person, action, or similar",,,NK,,,,,,,
Theme,SOC_FORCEDRELOCATION,01/10/14,01/10/14,Forced relocation,,,NK,,,,,,,
Theme,SOC_GENERALCRIME,01/10/14,01/10/14,Relating to general criminal activity,,,NK,,,,,,,
Theme,SOC_INTELSHARING,01/10/14,01/10/14,Intelligence sharing,,,NK,,,,,,,
Theme,SOC_JUDICIALCOOP,01/10/14,01/10/14,Judicial cooperation,,,NK,,,,,,,
Theme,SOC_MASSMIGRATION,01/10/14,01/10/14,Forced migration,,,NK,,,,,,,
Theme,SOC_PARDON,01/10/14,01/10/14,Relating to pardoning,,,NK,,,,,,,
Theme,SOC_SUICIDE,01/10/14,01/10/14,Relating to suicide,,,NK,,,,,,,
Theme,SOC_SUSPICIOUSACTIVITIES,01/10/14,01/10/14,"Specific mentions of ""suspicious"" activities",,,NK,,,,,,,
Theme,SOC_SUSPICIOUSPEOPLE,01/10/14,01/10/14,"Specific mentions of ""suspicious"" persons",,,NK,,,,,,,
Theme,SOC_TRAFFICACCIDENT,01/10/14,01/10/14,Traffic accidents,,,"fatal car accidents, motor vehicle crash, safer passage, parked vehicle, non-injury vehicle collisions, division of highway traffic safety , crash outcome data evaluation system, U.S. department of transportation",https://www.njoag.gov/about/divisions-and-offices/division-of-highway-traffic-safety-home/; https://www.health.ny.gov/statistics/prevention/injury_prevention/traffic/;,,,"(HTS), (CODES)",None,,
Theme,SOVEREIGNTY,13/10/13,13/10/13,"Actual mentions of ""sovereignty"", ""proclaim independence"", ""independent state"", etc",,,"proclamation of sovereignty, decolonization colonies, attainment of independence, moroccan sovereignty, liberian independence, American civil war",https://trumpwhitehouse.archives.gov/presidential-actions/proclamation-recognizing-sovereignty-kingdom-morocco-western-sahara/,,,", international law",None,,
Theme,STATE_OF_EMERGENCY,13/10/13,13/10/13,"Martial law, state of emergency, emergency rule, etc",,,"COVID-19 state of emergency, impose martial law, new jersey office of emergency management, state disaster emergency, medical pandemic, epidemic, natural disaster, monkeypox state of emergency ",https://www.ojp.gov/ncjrs/virtual-library/abstracts/martial-law-times-civil-disorder,,,(NJOEM),None,,
Theme,STRIKE,13/10/13,13/10/13,"Strikes, work stoppages, lock outs, etc",,,"right to strike, unlawful protests, lawful strikes, speech rights, economic strikers, unfair labor practice strikers, misconduct of strikers, growing threats ",https://www.nlrb.gov/strikes,,,none,None,,
Theme,SUICIDE_ATTACK,13/10/13,13/10/13,Suicide attacks,,,"suicide bombers, suicide terrorists, homicidal ideation, fatal tactics, smart bomb, high explosives, trinitrotoluene,TNT, suicide terrorism ",https://www.usip.org/publications/suicide-bombers-iraq-questions-and-answers; ,,,"(Act, Care, Treat)",None,,
Theme,SURVEILLANCE,20/02/14,20/02/14,"Surveillance, spying.",,,"government surveillance, the patriot act, Department of Homeland Security, Federal Bureau of Investigation, State Department, Drug Enforcement Administration, U.S. Postal Service, U.S. Marshals Service, Bureau of Alcohol, Tobacco, Firearms and Explosives, threat detection, Customs and Border Protection, Federal Emergency Management Agency",https://www.aclu.org/issues/national-security/privacy-and-surveillance/surveillance-under-patriot-act; https://www.brennancenter.org/our-work/research-reports/federal-government-social-media-surveillance-explained,,,social media,None,,
Theme,TAKE_OFFICE,13/10/13,13/10/13,"Mention of someone taking office either through force or through normal channels (took office, seized office, etc)",,,"stop & frisk, search incident to arrest, vehicular searches, vessel searches, consent searches, border searches, private searches, inventory searches ",https://www.govinfo.gov/content/pkg/GPO-CONAN-1992/pdf/GPO-CONAN-1992-10-5.pdf; https://www.justice.gov/file/442111/download,,,"detention short of arrest, scope of the amendment",None,,
Taxonomy,TAX_CARTELS,18/10/13,18/10/13,Returns any mention of a major recognized drug cartel,,,"international taxation, tax competition, states cartel, global tax agreement, Organization for Economic Cooperation and Development, OECD",https://danieljmitchell.wordpress.com/2021/07/08/tax-cartels-mean-ever-higher-tax-rates/,,,intellectual property (removed),"international taxation, tax competition",,
Taxonomy,TAX_DISEASE,13/10/13,13/10/13,Returns any mention of a major infectious disease,,,"Sexually transmitted infections, tuberculosis, malaria, adult febrile illness, viral hepatitis, neglected tropical diseases, flu, measles, HIV, strep throat, COVID-19, salmonella, chlamydia, E. Coli, shigellosis, syphilis",https://www.ncbi.nlm.nih.gov/books/NBK525192/,,,NONE,None,,
Taxonomy,TAX_ETHNICITY,13/10/13,13/10/13,Returns any mention of a major ethnicity from around the world (expands CAMEOETH),,,"new immigrants, ethnic american, phenotypic diversity, non-Hispanic whites, multiethnic, multicultural society, racial landscape, cultural phenomena, Latin America, mixed-ancestry diasporas, American Indian, Pacific Islander",https://www.ncbi.nlm.nih.gov/pmc/articles/PMC2882688/,,,race (removed),None,,
Taxonomy,TAX_FNCACT,13/10/13,25/10/13,"Returns any mention of a ""functional actor"", which is essentially a ""role"" from a ""child"" to a ""burgler"" to get a better understanding of the specific roles of people involved",,,"securitisation theory, hitherto functional actors, securitisation scholars, desecuritizing actor, problematises securitisation",https://www.tandfonline.com/doi/full/10.1080/21624887.2020.1827590; https://www.grin.com/document/141994; https://www.tandfonline.com/doi/pdf/10.1080/21624887.2020.1827590?needAccess=true,,,security (removed),None,,
Taxonomy,TAX_FOODSTAPLES,27/11/13,27/11/13,"Captures a cross-section of major food staples like bread, rice, etc",,,NK,,,,,,,
Taxonomy,TAX_MILITARY_TITLE,13/10/13,13/10/13,"Returns any mention of a major military title such as Captain, 1st Lieutenant, etc",,,NK,,,,,,,
Taxonomy,TAX_POLITICAL_PARTY,13/10/13,13/10/13,Returns any mention of a major recognized political party around the world,,,NK,,,,,,,
Taxonomy,TAX_RELIGION,13/10/13,13/10/13,Returns any mention of a major religion from around the world (expands CAMEOREL),,,NK,,,,,,,
Taxonomy,TAX_SPECIAL_ISSUES,13/10/13,13/10/13,Returns mentions of special issues such as certain major laws and will eventually be replaced by a new tracking system for those,,,NK,,,,,,,
Taxonomy,TAX_SPECIALDEATH,01/10/14,01/10/14,Special kinds of death such as beheadings,,,NK,,,,,,,
Taxonomy,TAX_TERROR_GROUP,13/10/13,13/10/13,Returns any mention of a major recognized terror group around the world,,,NK,,,,,,,
Taxonomy,TAX_WEAPONS,01/10/14,01/10/14,Specific weaponry,,,NK,,,,,,,
Theme,TERROR,13/10/13,13/10/13,"Primary discussion of terrorists, bombings, assasinations, etc",,,NK,,,,,,,
Theme,TORTURE,13/10/13,13/10/13,"Just mentions of the term ""torture"", not actual torture techniques like waterboarding",,,NK,,,,,,,
Theme,TOURISM,13/10/13,13/10/13,"Actual mentions of ""tourism"", ""tourists"", etc, not related terms",,,NK,,,,,,,
Theme,TRAFFIC,20/02/14,20/02/14,Road traffic.,,,"Road traffic fatalities, road traffic crashes, drink-driving restraints, speed-limit laws, seat-belt laws, Blood Alcohol Concentration Limit, BAC, road safety target, The Global Status Report on Road Safety",https://www.who.int/en/news-room/detail/19-10-2015-despite-progress-road-traffic-deaths-remain-too-high,,,,BAC,,
Theme,TRANSPARENCY,20/02/14,20/02/14,Any mention of transparency or accountability.,,,"Enhanced Transparency Framework, Measurement, Reporting, and Verification process under Kyoto Protocol, Inititative for Climate Action Transparency (ICAT), building robust transparency mechanisms, Transparency as an enabler",https://unfccc.int/news/a-vision-for-transparency-of-climate-action-in-africa,,,,None,,
Theme,TREASON,13/10/13,13/10/13,"Treason, sedition, insurrection.",,,"seditious conspiracy charges, extremist groups, riot-related charges, sedition conspiracy case, Anti-government Oath keepers, far-left antifa activists",https://apnews.com/article/stewart-rhodes-arrested-oath-keepers-jan-6-insurrection-70019e1007132e8df786aaf77215a110,,,,None,,
Theme,TRIAL,13/10/13,13/10/13,"Trail, courts, judges, lawyers, lawsuits, etc",,,"Judicial conference of the United States, right to counsel, impartial jury, Trial by Jury, civil lawsuit, Notice of Lawsuit, Bankruptcy Lawsuit, plaintiff files complaint, Appellate lawyers, defense lawyers, student lawyers, local lawyers",https://www.uscourts.gov/about-federal-courts/educational-resources/educational-activities/sixth-amendment-activities,,,,None,,
Theme,UNEMPLOYMENT,13/10/13,13/10/13,"Joblessness, unemployment",,,"labor force participation rate, Nonfarm payrolls, Average hourly earnings, jobless claims, rising inflation, lower productivity, unemployment insurance, economic downturns",https://www.cnbc.com/unemployment/,,,,None,,
Theme,UNGOVERNED,12/05/14,12/05/14,Ungoverned spaces,,,"forested ungoverned spaces, rural ungoverned spaces, Islamic extremists operations, undergoverned areas, Boko Haram controlled spaces, ISIS, parallel terrorism infrastructures",https://www.nbcnews.com/news/investigations/u-s-aims-root-out-ungoverned-spaces-hotbeds-terrorism-n181941,,,,None,,
Theme,UNREST_CHECKPOINT,01/10/14,01/10/14,Relating to checkpoints,,,"predicting social unrest, unrest motivated by socioeconomic factors, unrest triggered by GDP contractions, unrest caused by low growth, unrest caused by fiscal austerity, government incompetence, Reported Social Unrest Index, IMF research on Media Sentiment",https://www.imf.org/external/pubs/ft/fandd/2021/08/economics-of-social-unrest-imf-barrett-chen.htm,,,,None,,
Theme,UNREST_CLOSINGBORDER,01/10/14,01/10/14,Closing borders,,,"cross-border aid, cross-border operations, humanitarian assistance, humanitarian crisis, cross-border conflict, shortage of wheat and other commodities",https://news.un.org/en/story/2022/05/1119082,,,,None,,
Theme,UNREST_HUNGERSTRIKE,01/10/14,01/10/14,Hunger strikes,,,"hunger strike in Israeli prisons, solitary confinement of detainees, health deterioration, inhuman treatment, degrading treatment in hunger strike protest, access to appropriate treatment and care",https://news.un.org/en/story/2019/01/1030682,,,,None,,
Theme,UNREST_MOLOTOVCOCKTAIL,01/10/14,01/10/14,Molotov cocktails,,,"incendiary devices, makeshift bomb, flammable ingredients, throwing Molotov Cocktail towards police, incendiary barricades, incendiary defensive lines, civilian-focsed conflicts",https://www.nationalgeographic.co.uk/history-and-civilisation/2022/03/the-history-of-the-molotov-cocktail-an-iconic-weapon-of-underdogs,,,,None,,
Theme,UNREST_POLICEBRUTALITY,01/10/14,01/10/14,Police brutality,,,"footage of police beating, systemic racism, lifetime terms for police officer, resigned police officer, racial disparities in police stops, racial disparities in police frisks, acquittal of police officers,police use of chokeholds",https://www.bloomberg.com/news/articles/2020-06-09/a-history-of-protests-against-police-brutality,,,,None,,
Theme,UNREST_STONETHROWING,01/10/14,01/10/14,Stone throwing,,,"vandalizing property, Palestinian stone throwers, Palestinian uprisings, protests against corrupt political system, riot dispersals",https://www.nytimes.com/2022/10/14/world/middleeast/israel-palestinians-west-bank-deadliest-year.html,,,,None,,
Theme,UNREST_STONING,01/10/14,01/10/14,Stoning,,,,,,,,Repeated,,
Theme,UNSAFE_WORK_ENVIRONMENT,20/02/14,20/02/14,"Work injuries, killed on the job, working conditions, etc.",,,"accidents,diseases,work-related illnesses,labour guarantees,unregulated labour conflicts,labor disputes,spontaneous strikes,civilized labour relations",https://aflcio.org/reports/death-job-toll-neglect-2022,,,"Safety,Health Protections,Workers,Inspections,Penalties,Funding,Risk of injury,Illness,Death",None,,
Theme,URBAN,20/05/14,20/05/14,Discussion of the urban environment,,,"environmental conditions, increasingly urbanised,global environmental,resource conservation,urban systems,global environment",https://environment.ec.europa.eu/topics/urban-environment_en,,,"Towns,Suburbs,Transport,Resource-efficient,Sustainable,Policies",None,,
Theme,URBAN_SPRAWL,16/05/14,16/05/14,Urban sprawl,,,Traffic Congestion,https://www.britannica.com/explore/savingearth/urban-sprawl,,,",Metropolitan,Inner-city,Dwellings,Environmental Resources",None,,
Theme,VANDALIZE,13/10/13,13/10/13,"Vandalizing, desecration, defacing",,,"rioters,attacks,violent incidents,religious significance,assaults",https://www.politico.com/news/2022/10/01/russian-consulate-new-york-city-vandalized-00059892,,,"Facade,Diplomatic Obligations,Trampling",None,,
Theme,VETO,13/10/13,13/10/13,"Actual mentions of ""veto"", ""voted against"", etc",,,"Spurious Allegations,Voter Fraud, Procedural Ambiguities,  ",https://www.texastribune.org/2022/09/27/ted-cruz-insurrection/,,,",Objection",None,,
Theme,VIOLENT_UNREST,13/10/13,13/10/13,"Discussion of violent unrest, from rubber bullets, firing into a crowd, clashes with police or soldiers, violent rioting, etc",,,"Constitutional Protests,Critical Legislation  ",https://www.flgov.com/2021/04/19/what-they-are-saying-governor-ron-desantis-signs-hallmark-anti-rioting-legislation-taking-unapologetic-stand-for-public-safety/,,,"Communities,Chaos,Assemblies,Civilians,Peaceful Assembly,",None,,
Theme,WATER_SECURITY,13/10/13,13/10/13,"Drought, water access, lack of rain, clean water, etc",,,"Inadequate Water Supply,Rainwater,Flash Droughts, Drainage Channels",https://www.usgs.gov/faqs/why-doesnt-drought-end-when-it-rains,,,"Ecosystems,",None,,
Theme,WHISTLEBLOWER,13/10/13,13/10/13,"Whistleblowers, document leaks, etc",,,"abuse of authority,",https://www.voanews.com/a/whistleblowing-and-leaking-explained/3736863.html,,,"mismanagement,Prohibit, retribution, Revealing,disclosing",None,,
Theme,WMD,13/10/13,13/10/13,"Weapons of mass distruction, from nuclear to biological to chemical warfare",,,Disarmament Weapons,https://www.britannica.com/technology/weapon-of-mass-destruction,,,",grievous threat,massed formations,severe outbreaks,proliferation",None,,
Count,WOUND,13/10/13,13/10/13,Any mention of something being wounded or injured,,,"hits, weapons,cuts, scrapes, scratches,injuries,fractures,strains",https://myarmybenefits.us.army.mil/Wounded-Ill-and-Injured,,,"Cuts,Scrapes,Scratches,Punctured skin,Bruises",None,,